Invoice number,Payment due,Payment paid,Late<30,30<Late<60,60<Late<90,90<Late
6-2016
55489,628,628,628,0,0,0
8981,4995,218,218,0,0,0
8982,9862,9862,9862,0,0,0
8997,1390,1390,1390,0,0,0
total due: 16875, total paid: 12098
7-2016
55550,228,228,228,0,0,0
total due: 228, total paid: 228
9-2016
722,668,1336,1336,0,0,0
total due: 668, total paid: 1336
10-2016
9484,14000,1234,1234,0,0,0
55636,493,493,493,0,0,0
total due: 14493, total paid: 1727
11-2016
9642,130,0,0,0,0,0
total due: 130, total paid: 0
12-2016
9767,407,316,316,0,0,0
total due: 407, total paid: 316
12-2016
9561,-4145,0,0,0,0,0
total due: -4145, total paid: 0
12-2016
9769,2106,2106,2106,0,0,0
9755,3285,0,0,0,0,0
55788,11131,0,0,0,0,0
55752,517,517,517,0,0,0
9813,117,117,117,0,0,0
total due: 17156, total paid: 2740
1-2017
55802,12788,0,0,0,0,0
9828,632,0,0,0,0,0
103134,-106,0,0,0,0,0
103135,-123,0,0,0,0,0
9883,1391,1391,1391,0,0,0
9899,2797,2797,2797,0,0,0
55816,492,492,492,0,0,0
55832,25672,0,0,0,0,0
total due: 43543, total paid: 4680
3-2017
103209,-211,0,0,0,0,0
103186,-49,0,0,0,0,0
9900,-4150,0,0,0,0,0
total due: -4410, total paid: 0
3-2017
10455,398,398,398,0,0,0
total due: 398, total paid: 398
3-2017
10127,-200,0,0,0,0,0
total due: -200, total paid: 0
4-2017
55928,60,0,0,0,0,0
10295,500,500,500,0,0,0
10429,2480,0,0,0,0,0
10488,4774,0,0,0,0,0
10503,2155,0,0,0,0,0
10333,5562,0,0,0,0,0
103234,-249,0,0,0,0,0
10451,7551,0,0,0,0,0
10461,1707,0,0,0,0,0
10507,493,0,0,0,0,0
10310,183,0,0,0,0,0
10305,3283,0,0,0,0,0
103210,-22,0,0,0,0,0
10334,705,0,0,0,0,0
10365,758,0,0,0,0,0
10020,-144.16,0,0,0,0,0
10405,156,0,0,0,0,0
10397,140,0,0,0,0,0
10410,249,0,0,0,0,0
10411,222,0,0,0,0,0
10423,355,0,0,0,0,0
10444,140,0,0,0,0,0
10445,870,0,0,0,0,0
10499,840,0,0,0,0,0
10492,1104,1104,1104,0,0,0
10463,398,398,398,0,0,0
55940,33914,33913.89,33913.89,0,0,0
total due: 68183.84, total paid: 35915.89
4-2017
10645,39,0,0,0,0,0
10526,31,0,0,0,0,0
total due: 70, total paid: 0
4-2017
10540,4091,0,0,0,0,0
10541,5789,0,0,0,0,0
103255,-632,0,0,0,0,0
103256,-140,0,0,0,0,0
10533,1198,0,0,0,0,0
10558,632,0,0,0,0,0
10572,580,0,0,0,0,0
10587,1639,0,0,0,0,0
10588,110,0,0,0,0,0
10594,1796,0,0,0,0,0
10616,78,0,0,0,0,0
10618,408,0,0,0,0,0
10621,2336,0,0,0,0,0
10622,197,0,0,0,0,0
10623,204,0,0,0,0,0
10650,731,0,0,0,0,0
10651,1236,0,0,0,0,0
10652,1597,0,0,0,0,0
55958,26730,0,0,0,0,0
10522,388,0,0,0,0,0
103263,-5,0,0,0,0,0
12776,-123,0,0,0,0,0
10543,1031,1031,1031,0,0,0
55996,666,666,666,0,0,0
10565,152,152,152,0,0,0
55964,59,59,59,0,0,0
103269,-98,0,0,0,0,0
55988,27840,27839.98,27839.98,0,0,0
55974,131,131,131,0,0,0
10545,129,129,129,0,0,0
total due: 78750, total paid: 30007.98
5-2017
55949,939,939,939,0,0,0
total due: 939, total paid: 939
5-2017
56065,686,0,0,0,0,0
10821,2832,0,0,0,0,0
10822,994,0,0,0,0,0
10769,5866,0,0,0,0,0
56036,14,0,0,0,0,0
10861,1537,0,0,0,0,0
56057,193,193,193,0,0,0
56035,39,39,39,0,0,0
10800,5132,631,631,0,0,0
10695,256,0,0,0,0,0
total due: 17549, total paid: 863
5-2017
56063,164,0,0,0,0,0
10774,1310,0,0,0,0,0
10788,200,200,200,0,0,0
103322,-250,0,0,0,0,0
10686,4420,0,0,0,0,0
10217,-10000,0,0,0,0,0
10675,140,140,140,0,0,0
103295,-79,0,0,0,0,0
10693,460,460,460,0,0,0
10694,1729,1729,1729,0,0,0
10700,286,0,0,0,0,0
103300,-22,0,0,0,0,0
103303,-1236,0,0,0,0,0
10719,409,409,409,0,0,0
10745,1741,1741,1741,0,0,0
10783,599,599,599,0,0,0
10838,595,595,595,0,0,0
10839,1531,1531,1531,0,0,0
10840,1492,1492,1492,0,0,0
10841,491,491,491,0,0,0
56009,29479,0,0,0,0,0
12951,-117,0,0,0,0,0
10664,176,176,176,0,0,0
10277,-42644.25,0,0,0,0,0
55005,-4,0,0,0,0,0
56026,135,135,135,0,0,0
56037,242,242,242,0,0,0
10831,35900,20082,20082,0,0,0
10758,55,55,55,0,0,0
10679,197,197,197,0,0,0
56056,1188,1188,1188,0,0,0
56015,1261,1261,1261,0,0,0
10710,500,500,500,0,0,0
103308,-2298,0,0,0,0,0
56022,638,0,0,0,0,0
11044,1807,913,913,0,0,0
10692,593,0,0,0,0,0
56024,110,110,110,0,0,0
10738,4550,134,134,0,0,0
10713,907,0,0,0,0,0
56014,603,0,0,0,0,0
10739,1211,0,0,0,0,0
10715,6000,0,0,0,0,0
10807,1955,0,0,0,0,0
10756,1600,0,0,0,0,0
56046,585,585,585,0,0,0
56042,19198,19197.87,19197.87,0,0,0
10803,538,582.88,582.88,0,0,0
10674,1359,793,793,0,0,0
56045,168,168,168,0,0,0
56033,14026,722,722,0,0,0
56030,3224,0,0,0,0,0
total due: 87121.75, total paid: 56428.75
6-2017
10990,133,0,0,0,0,0
10980,8234,0,0,0,0,0
10909,842,0,0,0,0,0
10983,103,0,0,0,0,0
10975,3061,0,0,0,0,0
10912,4861,0,0,0,0,0
10888,13261,5308,5308,0,0,0
11018,293,293,293,0,0,0
56078,1799,1799,1799,0,0,0
10904,126,88,88,0,0,0
10905,274,274,274,0,0,0
10906,56,56,56,0,0,0
10385,-456,0,0,0,0,0
10872,2000,2000,2000,0,0,0
10873,211,211,211,0,0,0
56123,1201,1126,1126,0,0,0
10963,3184,0,0,0,0,0
56114,1169,0,0,0,0,0
10994,710,710,710,0,0,0
10874,313,0,0,0,0,0
total due: 41375, total paid: 11865
6-2017
10981,4499,4606,4606,0,0,0
10992,2808,0,0,0,0,0
56118,737,597,597,0,0,0
10915,497,497,497,0,0,0
10351,-450,0,0,0,0,0
10917,450,0,0,0,0,0
10880,1154,1154,1154,0,0,0
10923,222,222,222,0,0,0
10924,117,117,117,0,0,0
10950,840,840,840,0,0,0
10953,426,426,426,0,0,0
10956,3455,3455,3455,0,0,0
10969,685,685,685,0,0,0
11001,45,45,45,0,0,0
56083,99,0,0,0,0,0
103361,-176,0,0,0,0,0
103381,-1860,0,0,0,0,0
56077,2978,0,0,0,0,0
56081,602,0,0,0,0,0
56079,1011,0,0,0,0,0
56080,398,0,0,0,0,0
10900,2855,2469,2469,0,0,0
10898,5987,2338,2338,0,0,0
10998,234,0,0,0,0,0
10891,2480,2480,2480,0,0,0
56085,15407,30814,30814,0,0,0
11004,1376,1376,1376,0,0,0
11005,144,144,144,0,0,0
56121,221,221,221,0,0,0
56087,1776,1776,1776,0,0,0
10885,3900,3900,3900,0,0,0
11024,466,466,466,0,0,0
56109,1250,1250,1250,0,0,0
56084,1550,0,0,0,0,0
10369,-4117,0,0,0,0,0
10951,420,420,420,0,0,0
11037,489,489,489,0,0,0
56096,2601,0,0,0,0,0
56094,61831,43503,43503,0,0,0
56120,404,404,404,0,0,0
56116,807,0,0,0,0,0
11016,57,0,0,0,0,0
11027,688,0,0,0,0,0
56092,2183,2183,2183,0,0,0
11023,1638,1469,1469,0,0,0
10896,2292,2292,2292,0,0,0
56089,11958,10000,10000,0,0,0
10952,50544,50544,50544,0,0,0
10962,24093,10824,10824,0,0,0
10999,164,164,164,0,0,0
11021,330,112,112,0,0,0
56108,863,0,0,0,0,0
56129,4241,4003,4003,0,0,0
10957,3181,3181,3181,0,0,0
10908,1766,1766,1766,0,0,0
10945,439,439,439,0,0,0
10877,56,56,56,0,0,0
10879,505,505,505,0,0,0
11038,780,780,780,0,0,0
56095,541,541,541,0,0,0
10925,86,0,0,0,0,0
10907,205,0,0,0,0,0
56049,819,819,819,0,0,0
103356,-145,0,0,0,0,0
56119,1049,1049,1049,0,0,0
10860,2747,0,0,0,0,0
10968,421,0,0,0,0,0
10886,11770,11769.91,11769.91,0,0,0
56110,12805,0,0,0,0,0
10930,1610,1607,1607,0,0,0
10931,3750,3750,3750,0,0,0
56125,856,856,856,0,0,0
11000,700,0,0,0,0,0
103384,-59,0,0,0,0,0
11003,63,0,0,0,0,0
56112,1897,1897,1897,0,0,0
56115,544,0,0,0,0,0
56105,632,632,632,0,0,0
56124,2956,0,0,0,0,0
10954,35,35,35,0,0,0
10948,3285,1347,1347,0,0,0
10949,176,176,176,0,0,0
56099,59,59,59,0,0,0
10881,1100,0,0,0,0,0
56104,5001,0,0,0,0,0
total due: 277299, total paid: 217549.9
6-2017
56185,1021,0,0,0,0,0
11197,1870,1870,1870,0,0,0
11200,92,92,92,0,0,0
total due: 2983, total paid: 1962
7-2017
11136,257,0,0,0,0,0
56170,773,0,0,0,0,0
11209,2743,700,700,0,0,0
11210,48,48,48,0,0,0
56180,796,796,796,0,0,0
11057,760,760,760,0,0,0
11069,304,304,304,0,0,0
56158,476,0,0,0,0,0
11219,1209,0,0,0,0,0
11212,59,0,0,0,0,0
11087,1829,343,343,0,0,0
56176,436,0,0,0,0,0
11167,807,0,0,0,0,0
total due: 10497, total paid: 2951
7-2017
56106,166,166,166,0,0,0
10965,1348,0,0,0,0,0
total due: 1514, total paid: 166
7-2017
56143,59,0,0,0,0,0
56178,4447,4447,4447,0,0,0
103436,-474,0,0,0,0,0
11157,790,790,790,0,0,0
11161,2366,2366,2366,0,0,0
11162,95,95,95,0,0,0
11058,1586,1586,1586,0,0,0
5001213,3666,0,0,0,0,0
56254,294,294,294,0,0,0
11271,698,698,698,0,0,0
11272,500,500,500,0,0,0
11274,59,59,59,0,0,0
56134,4016,4016,4016,0,0,0
11079,1986,1986,1986,0,0,0
56172,5283,4954,4954,0,0,0
56166,15093,0,0,0,0,0
10432,-202.38,0,0,0,0,0
11085,9961,0,0,0,0,0
11109,2644,0,0,0,0,0
11110,5800,0,0,0,0,0
11201,215,0,0,0,0,0
56137,14682,0,0,0,0,0
11281,672,672,672,0,0,0
10602,-173,0,0,0,0,0
11160,700,0,0,0,0,0
56133,100,0,0,0,0,0
11179,1420,0,0,0,0,0
56135,601,0,0,0,0,0
11171,1104,1104,1104,0,0,0
11198,2897,0,0,0,0,0
11046,977,0,0,0,0,0
56151,1297,1297,1297,0,0,0
56182,1112,1112,1112,0,0,0
11042,299,0,0,0,0,0
56144,632,632,632,0,0,0
56142,21088,7730,7730,0,0,0
56160,3046,3046,3046,0,0,0
11141,2029,857,857,0,0,0
56155,3907,3907,3907,0,0,0
11083,889,889,889,0,0,0
10466,-6000,0,0,0,0,0
10511,-2233,0,0,0,0,0
11192,18860,0,0,0,0,0
11103,42,0,0,0,0,0
11138,229,0,0,0,0,0
11139,182,0,0,0,0,0
103413,-2232,0,0,0,0,0
11078,1642,0,0,0,0,0
56140,314,0,0,0,0,0
11121,1011,0,0,0,0,0
11164,8722,0,0,0,0,0
11189,4994,0,0,0,0,0
56162,9813,0,0,0,0,0
11041,1628,0,0,0,0,0
11129,35,0,0,0,0,0
109,-11700,0,0,0,0,0
10475,-5000,0,0,0,0,0
11096,64,0,0,0,0,0
56171,17483,0,0,0,0,0
11124,625,0,0,0,0,0
103420,-142,0,0,0,0,0
11065,6497,6497,6497,0,0,0
56148,4779,0,0,0,0,0
56169,269,0,0,0,0,0
56147,2238,0,0,0,0,0
56153,1420,0,0,0,0,0
11059,316,316,316,0,0,0
103425,-601,0,0,0,0,0
11045,809,809,809,0,0,0
11127,8693,0,0,0,0,0
11132,1287,0,0,0,0,0
56163,1131,0,0,0,0,0
11049,790,790,790,0,0,0
10518,-10000,0,0,0,0,0
56187,4861,0,0,0,0,0
56188,326,0,0,0,0,0
103402,-601,0,0,0,0,0
103403,-3165,0,0,0,0,0
11070,1160,0,0,0,0,0
11125,7900,0,0,0,0,0
11126,379,0,0,0,0,0
56161,485,0,0,0,0,0
11104,2100,0,0,0,0,0
11105,3448,0,0,0,0,0
103418,-314,0,0,0,0,0
11152,135,0,0,0,0,0
10478,-150,0,0,0,0,0
11181,380,0,0,0,0,0
56181,413,0,0,0,0,0
11052,236,0,0,0,0,0
11207,3238,0,0,0,0,0
10516,-1500,0,0,0,0,0
11211,524,0,0,0,0,0
56149,635,0,0,0,0,0
11131,475,0,0,0,0,0
56138,77,0,0,0,0,0
56154,814,0,0,0,0,0
56167,1471,0,0,0,0,0
11217,3813,0,0,0,0,0
10487,-4500,0,0,0,0,0
11170,687,0,0,0,0,0
11174,237,0,0,0,0,0
56157,4537,0,0,0,0,0
11067,65,65,65,0,0,0
11191,450,0,0,0,0,0
11106,8737,0,0,0,0,0
11186,8077,0,0,0,0,0
103438,-491,0,0,0,0,0
11092,3159,0,0,0,0,0
11055,490,490,490,0,0,0
11062,362,362,362,0,0,0
56184,433,0,0,0,0,0
56168,2563,0,0,0,0,0
56156,4575,0,0,0,0,0
11149,11348,0,0,0,0,0
11188,135,0,0,0,0,0
11199,87,0,0,0,0,0
11115,135,0,0,0,0,0
11072,365,0,0,0,0,0
total due: 240716.6, total paid: 52366
8-2017
56200,876,0,0,0,0,0
56224,6474,0,0,0,0,0
56239,181,0,0,0,0,0
11323,508,508,508,0,0,0
56207,328,328,328,0,0,0
11325,3800,3800,3800,0,0,0
11284,2630,2100,2100,0,0,0
11297,57,57,57,0,0,0
56242,72,72,72,0,0,0
11278,82,0,0,0,0,0
11311,1796,0,0,0,0,0
10575,-3500,0,0,0,0,0
11261,3500,0,0,0,0,0
10604,-1000,0,0,0,0,0
10605,-200,0,0,0,0,0
103467,-671,0,0,0,0,0
103454,-49,0,0,0,0,0
11236,22,0,0,0,0,0
103452,-177,0,0,0,0,0
11367,913,0,0,0,0,0
total due: 15642, total paid: 6865
8-2017
56244,16837,16837,16837,0,0,0
11358,519,0,0,0,0,0
56222,10696,0,0,0,0,0
56194,3199,0,0,0,0,0
56237,546,0,0,0,0,0
10638,-1500,0,0,0,0,0
5001218,2468,0,0,0,0,0
56252,5602,0,0,0,0,0
56241,149,149,149,0,0,0
10672,-23311,0,0,0,0,0
3031521,23311,0,0,0,0,0
56165,281,0,0,0,0,0
56220,1035,0,0,0,0,0
11241,21872,31,31,0,0,0
56229,32942,0,0,0,0,0
56197,319,319,319,0,0,0
56228,1332,1332,1332,0,0,0
11288,295,0,0,0,0,0
56192,447,0,0,0,0,0
11252,2059,2059,2059,0,0,0
11332,1217,1217,1217,0,0,0
56191,114,114,114,0,0,0
11290,19372,19372,19372,0,0,0
56203,922,922,922,0,0,0
11279,1247,1247,1247,0,0,0
11338,64,64,64,0,0,0
56214,1020,1020,1020,0,0,0
11235,281,281,281,0,0,0
11321,7469,7469,7469,0,0,0
56233,295,295,295,0,0,0
56223,4748,4748,4748,0,0,0
11257,1500,0,0,0,0,0
56216,228,0,0,0,0,0
56211,172,172,172,0,0,0
56215,1096,0,0,0,0,0
56227,21871,21871,21871,0,0,0
103474,-45,0,0,0,0,0
11330,1118,0,0,0,0,0
103483,-70,0,0,0,0,0
56210,2695,0,0,0,0,0
56221,444,444,444,0,0,0
11306,95,95,95,0,0,0
11336,719,719,719,0,0,0
11337,385,385,385,0,0,0
11345,1083,1083,1083,0,0,0
11352,1430,1430,1430,0,0,0
103489,-544,0,0,0,0,0
56199,153,153,153,0,0,0
103518,-84,0,0,0,0,0
56247,9094,3053,3053,0,0,0
11304,5790,7,7,0,0,0
11329,126,126,126,0,0,0
56235,481,481,481,0,0,0
11280,6779,1304,1304,0,0,0
56206,221,221,221,0,0,0
11223,59,59,59,0,0,0
11374,318,318,318,0,0,0
56225,154,154,154,0,0,0
56219,28320,28320,28320,0,0,0
56245,1433,1433,1433,0,0,0
11262,4573,4573,4573,0,0,0
11291,3692,3692,3692,0,0,0
56195,725,725,725,0,0,0
11370,702,702,702,0,0,0
11307,997,0,0,0,0,0
10556,-50,0,0,0,0,0
871,25000,0,0,0,0,0
112,-36504,0,0,0,0,0
11258,4871,0,0,0,0,0
11259,798,0,0,0,0,0
10615,-14000,0,0,0,0,0
10614,-50000,0,0,0,0,0
11295,11036,0,0,0,0,0
11296,1399,0,0,0,0,0
11320,8300,0,0,0,0,0
11229,1776,0,0,0,0,0
11230,607,0,0,0,0,0
11275,702,0,0,0,0,0
11255,6611,0,0,0,0,0
11283,351,0,0,0,0,0
103466,-41,0,0,0,0,0
10633,-10000,0,0,0,0,0
11233,950,0,0,0,0,0
11234,731,0,0,0,0,0
11299,1271,0,0,0,0,0
11316,553,0,0,0,0,0
10609,-4000,0,0,0,0,0
10593,-1800,0,0,0,0,0
11224,3565,0,0,0,0,0
11225,3423,0,0,0,0,0
11277,956,0,0,0,0,0
10601,-9234,0,0,0,0,0
11231,942,0,0,0,0,0
103464,-35,0,0,0,0,0
11285,6815,0,0,0,0,0
11318,8500,0,0,0,0,0
103473,-209,0,0,0,0,0
10553,-1400,0,0,0,0,0
11309,1400,0,0,0,0,0
10635,-9300,0,0,0,0,0
11315,9300,0,0,0,0,0
11240,1211,0,0,0,0,0
11294,2277,0,0,0,0,0
11265,5400,0,0,0,0,0
11269,715,0,0,0,0,0
56217,150,0,0,0,0,0
56253,8878,0,0,0,0,0
11333,4580,0,0,0,0,0
11334,681,0,0,0,0,0
11369,1715,0,0,0,0,0
56226,1444,0,0,0,0,0
103480,-271,0,0,0,0,0
56202,28,0,0,0,0,0
56231,4055,0,0,0,0,0
56236,1435,0,0,0,0,0
11331,6750,0,0,0,0,0
56238,220,0,0,0,0,0
total due: 234109, total paid: 128996
8-2017
56315,98,98,98,0,0,0
56336,61,61,61,0,0,0
11398,930,0,0,0,0,0
10789,-300,0,0,0,0,0
11496,3000,3000,3000,0,0,0
11470,6021,0,0,0,0,0
11482,501,0,0,0,0,0
103531,-116,0,0,0,0,0
10771,-5000,0,0,0,0,0
total due: 5195, total paid: 3159
9-2017
56293,14254,0,0,0,0,0
103512,-54,0,0,0,0,0
103513,-82,0,0,0,0,0
11453,1200,0,0,0,0,0
11478,450,450,450,0,0,0
56292,74,0,0,0,0,0
11418,767,767,767,0,0,0
11475,767,0,0,0,0,0
11491,374,0,0,0,0,0
11380,146,146,146,0,0,0
11440,13,13,13,0,0,0
56318,233,0,0,0,0,0
10682,-131,0,0,0,0,0
11382,100,0,0,0,0,0
11386,1472,0,0,0,0,0
11459,295,0,0,0,0,0
total due: 19878, total paid: 1376
9-2017
56145,37492,25759,25759,0,0,0
11250,750,0,0,0,0,0
11251,12,0,0,0,0,0
11317,674,0,0,0,0,0
11239,856,856,856,0,0,0
11308,1516,1516,1516,0,0,0
56196,279,0,0,0,0,0
11150,11672,0,0,0,0,0
11158,398,0,0,0,0,0
total due: 53649, total paid: 28131
9-2017
103535,-702,0,0,0,0,0
56319,12780,0,0,0,0,0
56289,11919,0,0,0,0,0
56266,28,0,0,0,0,0
56262,130,0,0,0,0,0
56269,10160,10160,10160,0,0,0
11429,234,234,234,0,0,0
11432,267,267,267,0,0,0
56268,10585,0,0,0,0,0
11391,335,335,335,0,0,0
56329,3466,0,0,0,0,0
11467,848,0,0,0,0,0
11417,2854,0,0,0,0,0
11441,8160,0,0,0,0,0
56261,596,0,0,0,0,0
11446,410,0,0,0,0,0
56285,8003,0,0,0,0,0
10780,-2500,0,0,0,0,0
10781,-2500,0,0,0,0,0
11457,13550,0,0,0,0,0
56287,1322,0,0,0,0,0
56281,725,0,0,0,0,0
56296,13396,0,0,0,0,0
56298,475,0,0,0,0,0
56274,14561,14561,14561,0,0,0
11462,2344,2344,2344,0,0,0
11465,7700,0,0,0,0,0
56297,883,0,0,0,0,0
56278,604,0,0,0,0,0
56259,811,0,0,0,0,0
11449,384,0,0,0,0,0
11450,337,0,0,0,0,0
11474,337,0,0,0,0,0
56335,2036,0,0,0,0,0
56257,3842,3842,3842,0,0,0
56304,1084,0,0,0,0,0
56258,835,0,0,0,0,0
27929,-360,0,0,0,0,0
103509,-1151,0,0,0,0,0
56270,9385,0,0,0,0,0
11419,1512,0,0,0,0,0
11476,159,0,0,0,0,0
56286,1160,0,0,0,0,0
56308,608,0,0,0,0,0
11402,1432,1432,1432,0,0,0
11411,129,129,129,0,0,0
56303,1943,0,0,0,0,0
103504,-478,0,0,0,0,0
11415,830,129,129,0,0,0
56299,370,370,370,0,0,0
11479,1633,1633,1633,0,0,0
56302,585,0,0,0,0,0
56282,1891,0,0,0,0,0
56279,2176,2176,2176,0,0,0
56290,8422,0,0,0,0,0
11480,5484,0,0,0,0,0
11395,627,627,627,0,0,0
56312,1963,0,0,0,0,0
56328,867,0,0,0,0,0
56314,15015,0,0,0,0,0
11466,4797,0,0,0,0,0
56337,21248,0,0,0,0,0
56333,555,0,0,0,0,0
103505,-736,0,0,0,0,0
11447,12407,0,0,0,0,0
11451,234,0,0,0,0,0
56324,13203,0,0,0,0,0
11387,790,0,0,0,0,0
11421,3920,0,0,0,0,0
11492,510,0,0,0,0,0
10779,-2000,0,0,0,0,0
11499,228,0,0,0,0,0
56275,4231,0,0,0,0,0
103507,-293,0,0,0,0,0
11381,12620,0,0,0,0,0
11393,4613,0,0,0,0,0
11414,910,0,0,0,0,0
103506,-594,0,0,0,0,0
11433,713,0,0,0,0,0
56321,4321,0,0,0,0,0
11431,2878,0,0,0,0,0
10742,-22655,110,0,0,110,0
11488,948,0,0,0,0,0
103534,-632,0,0,0,0,0
11489,1624,0,0,0,0,0
103536,-204,0,0,0,0,0
10787,-800,0,0,0,0,0
11500,15681,0,0,0,0,0
11501,17679,0,0,0,0,0
56263,2916,0,0,0,0,0
11383,24818,0,0,0,0,0
11384,1613,0,0,0,0,0
11401,702,0,0,0,0,0
11427,2566,0,0,0,0,0
11456,1400,0,0,0,0,0
103517,-1364,0,0,0,0,0
11458,882,0,0,0,0,0
56295,743,0,0,0,0,0
11377,3763,0,0,0,0,0
11502,2808,0,0,0,0,0
11493,848,0,0,0,0,0
11494,107,0,0,0,0,0
11483,9435,0,0,0,0,0
total due: 331934, total paid: 38349
9-2017
56397,4137,0,0,0,0,0
11615,2254,0,0,0,0,0
11556,1850,0,0,0,0,0
56355,81,0,0,0,0,0
103542,-176,0,0,0,0,0
11509,14,0,0,0,0,0
10864,-5558,474,0,0,474,0
total due: 2602, total paid: 474
10-2017
11609,3042,0,0,0,0,0
56342,410,0,0,0,0,0
56383,304,0,0,0,0,0
11519,125,0,0,0,0,0
56382,110,0,0,0,0,0
56413,1253,1253,1253,0,0,0
11607,6477,0,0,0,0,0
56410,507,0,0,0,0,0
11540,135,135,135,0,0,0
11602,503,0,0,0,0,0
11507,260,0,0,0,0,0
103540,-100,0,0,0,0,0
total due: 13026, total paid: 1388
10-2017
56190,30416,0,0,0,0,0
11244,10427,0,0,0,0,0
11264,6962,0,0,0,0,0
total due: 47805, total paid: 0
10-2017
56322,2032,2032,2032,0,0,0
56264,5806,0,0,0,0,0
56276,386,0,0,0,0,0
56320,100,0,0,0,0,0
56291,422,0,0,0,0,0
56310,243,0,0,0,0,0
total due: 8989, total paid: 2032
10-2017
56408,19719,0,0,0,0,0
56379,16913,0,0,0,0,0
56350,416,0,0,0,0,0
56389,1171,0,0,0,0,0
56396,404,404,404,0,0,0
56368,11049,0,0,0,0,0
56404,539,539,539,0,0,0
11623,534,534,534,0,0,0
56373,673,673,673,0,0,0
56341,5247,0,0,0,0,0
56357,50,0,0,0,0,0
56356,2017,1525,1525,0,0,0
11715,328,328,328,0,0,0
56473,1697,1697,1697,0,0,0
56418,1434,0,0,0,0,0
11604,4133,0,0,0,0,0
11508,10851,0,0,0,0,0
6847,21000,0,0,0,0,0
56345,354,354,354,0,0,0
56360,161,0,0,0,0,0
11524,11400,11400,11400,0,0,0
11547,3324,3324,3324,0,0,0
103550,-1303,0,0,0,0,0
11633,2974,2974,2974,0,0,0
56376,920,0,0,0,0,0
56374,1769,1769,1769,0,0,0
11622,13689,875,875,0,0,0
10806,-445,0,0,0,0,0
56375,22686,0,0,0,0,0
10887,-3000,0,0,0,0,0
56399,211,211,211,0,0,0
11580,2006,0,0,0,0,0
56377,1052,0,0,0,0,0
103573,-410,0,0,0,0,0
56392,2188,0,0,0,0,0
11554,1600,0,0,0,0,0
56394,2854,0,0,0,0,0
11598,190,0,0,0,0,0
11577,10446,0,0,0,0,0
56349,57,0,0,0,0,0
56403,2687,0,0,0,0,0
56370,1717,0,0,0,0,0
11628,21610,0,0,0,0,0
103539,-1500,0,0,0,0,0
56386,35458,0,0,0,0,0
56351,10728,0,0,0,0,0
56338,12996,0,0,0,0,0
56364,16214,0,0,0,0,0
11624,3456,0,0,0,0,0
11625,2135,0,0,0,0,0
56387,936,0,0,0,0,0
56423,31,0,0,0,0,0
56346,783,0,0,0,0,0
14342,-761,0,0,0,0,0
11600,20600,0,0,0,0,0
56412,5262,0,0,0,0,0
11523,3543,0,0,0,0,0
56388,356,0,0,0,0,0
56343,-151,0,0,0,0,0
13915,-28,0,0,0,0,0
11510,1285,0,0,0,0,0
11511,12000,0,0,0,0,0
11512,2468,0,0,0,0,0
11513,54,0,0,0,0,0
11543,2056,0,0,0,0,0
56344,1044,0,0,0,0,0
11555,2340,0,0,0,0,0
56400,632,0,0,0,0,0
56395,328,0,0,0,0,0
11530,64406,0,0,0,0,0
11619,21060,0,0,0,0,0
11621,6772,0,0,0,0,0
56381,2577,0,0,0,0,0
56390,2784,0,0,0,0,0
56405,66,0,0,0,0,0
11533,8000,0,0,0,0,0
56401,1078,0,0,0,0,0
56372,251,0,0,0,0,0
56391,5777,0,0,0,0,0
10826,-2044,0,0,0,0,0
56369,3101,0,0,0,0,0
10865,-3000,0,0,0,0,0
56380,2668,0,0,0,0,0
56385,7425,0,0,0,0,0
11599,110,0,0,0,0,0
56498,2472,0,0,0,0,0
10706,9000,0,0,0,0,0
10707,9111,0,0,0,0,0
10866,-9000,0,0,0,0,0
10897,-5900,0,0,0,0,0
10901,-8000,0,0,0,0,0
11617,11100,0,0,0,0,0
103582,-11100,0,0,0,0,0
11589,1000,0,0,0,0,0
10876,-1000,0,0,0,0,0
10832,-5000,0,0,0,0,0
10903,-20000,0,0,0,0,0
11550,512,0,0,0,0,0
10892,-15000,1685,0,0,0,1685
103538,-14453,0,0,0,0,0
10794,-20000,0,0,0,0,0
10796,-17000,0,0,0,0,0
total due: 356950, total paid: 28292
11-2017
56425,1904,0,0,0,0,0
11738,4644,3051,3051,0,0,0
11658,1720,1720,1720,0,0,0
56487,2166,2166,2166,0,0,0
56475,1873,0,0,0,0,0
11735,235,0,0,0,0,0
56424,20588,920,920,0,0,0
11719,519,0,0,0,0,0
103624,-14,0,0,0,0,0
11025,-400,6901,0,0,0,6901
56463,943,0,0,0,0,0
11734,8835,970,970,0,0,0
11686,4543,0,0,0,0,0
11685,98,0,0,0,0,0
10939,-912,0,0,0,0,0
11714,2055,0,0,0,0,0
11737,130,0,0,0,0,0
56495,1504,0,0,0,0,0
56437,-1281,0,0,0,0,0
56491,1614,0,0,0,0,0
total due: 50764, total paid: 15728
11-2017
56271,41913,0,0,0,0,0
total due: 41913, total paid: 0
11-2017
56488,9780,0,0,0,0,0
56460,27309,0,0,0,0,0
56428,5570,0,0,0,0,0
56432,26,0,0,0,0,0
11010,-1700,0,0,0,0,0
103618,-800,0,0,0,0,0
56467,37374,37374,37374,0,0,0
56449,3720,0,0,0,0,0
56482,4467,3143,3143,0,0,0
11721,1600,0,0,0,0,0
56448,4477,4477,4477,0,0,0
56441,1348,0,0,0,0,0
56457,2497,2497,2497,0,0,0
56503,25235,0,0,0,0,0
56435,11121,0,0,0,0,0
11033,-800,0,0,0,0,0
11732,1170,0,0,0,0,0
56496,10280,0,0,0,0,0
11662,3949,0,0,0,0,0
11647,120,0,0,0,0,0
56466,4301,0,0,0,0,0
56494,48240,0,0,0,0,0
56472,1949,0,0,0,0,0
11675,7740,0,0,0,0,0
56443,217,0,0,0,0,0
56438,333,0,0,0,0,0
11729,2357,0,0,0,0,0
56464,3698,0,0,0,0,0
56471,757,0,0,0,0,0
56497,50858,0,0,0,0,0
11593,7107,7107,7107,0,0,0
56483,200,0,0,0,0,0
56458,6644,0,0,0,0,0
10978,-3500,0,0,0,0,0
56474,3215,0,0,0,0,0
56459,14122,0,0,0,0,0
56365,1240,0,0,0,0,0
56490,6286,6286,6286,0,0,0
56452,933,933,933,0,0,0
11689,9096,0,0,0,0,0
11671,66,0,0,0,0,0
56470,155,155,155,0,0,0
56479,7183,0,0,0,0,0
56461,9786,6376,6376,0,0,0
11022,-4000,483,0,0,0,483
10128,5900,0,0,0,0,0
11717,9914,0,0,0,0,0
11026,-1500,0,0,0,0,0
11657,6485,0,0,0,0,0
103594,-531,0,0,0,0,0
11710,999,0,0,0,0,0
103602,-486,0,0,0,0,0
11632,-25.14,0,0,0,0,0
11035,-300,0,0,0,0,0
11013,-1000,0,0,0,0,0
11704,1200,0,0,0,0,0
103598,-532,0,0,0,0,0
56402,476,0,0,0,0,0
11642,161,0,0,0,0,0
11569,173,0,0,0,0,0
11528,82,0,0,0,0,0
11590,102,0,0,0,0,0
10894,-1,1818,0,0,0,1818
11676,4500,0,0,0,0,0
11727,3417,0,0,0,0,0
103627,-277,0,0,0,0,0
103611,-899,0,0,0,0,0
11695,176,0,0,0,0,0
103608,-3101,0,0,0,0,0
10961,-5000,0,0,0,0,0
11711,2924,0,0,0,0,0
11712,22115,0,0,0,0,0
11713,3989,0,0,0,0,0
103616,-165,0,0,0,0,0
11017,-812,293,0,0,0,293
56468,1712,0,0,0,0,0
56426,1106,0,0,0,0,0
56476,527,0,0,0,0,0
56504,10698,0,0,0,0,0
56477,902,0,0,0,0,0
56430,1114,0,0,0,0,0
56456,283,0,0,0,0,0
56451,2691,0,0,0,0,0
10893,-92,0,0,0,0,0
189,92,0,0,0,0,0
total due: 392742.9, total paid: 70942
11-2017
56591,3270,0,0,0,0,0
56588,1197,0,0,0,0,0
11826,3479,0,0,0,0,0
11780,2230,0,0,0,0,0
103662,-269,0,0,0,0,0
11120,-2000,0,0,0,0,0
total due: 7907, total paid: 0
12-2017
11095,-18805,0,0,0,0,0
11818,5127,0,0,0,0,0
56509,574,0,0,0,0,0
56565,612,0,0,0,0,0
56556,418,0,0,0,0,0
56549,2998,0,0,0,0,0
11848,3000,0,0,0,0,0
56569,400,0,0,0,0,0
56583,666,0,0,0,0,0
11746,133,133,133,0,0,0
922,900,900,900,0,0,0
11063,-2165,0,0,0,0,0
103649,-164,0,0,0,0,0
11765,300,0,0,0,0,0
11788,213,0,0,0,0,0
11108,-213,0,0,0,0,0
11784,604,0,0,0,0,0
11785,257,0,0,0,0,0
11119,-7100,0,0,0,0,0
11794,6790,0,0,0,0,0
11810,1831,0,0,0,0,0
11819,2165,0,0,0,0,0
11166,-3030,0,0,0,0,0
total due: -4489, total paid: 1033
12-2017
103593,-697,0,0,0,0,0
56478,485,0,0,0,0,0
56480,698,0,0,0,0,0
56445,3053,0,0,0,0,0
56489,40,0,0,0,0,0
11518,2480,0,0,0,0,0
56361,45189,0,0,0,0,0
11725,12,0,0,0,0,0
total due: 51260, total paid: 0
12-2017
103675,-338,0,0,0,0,0
56579,3078,0,0,0,0,0
56547,4300,0,0,0,0,0
56514,981,0,0,0,0,0
56518,7,0,0,0,0,0
56552,17847,0,0,0,0,0
11806,4000,0,0,0,0,0
56539,6927,0,0,0,0,0
11956,501,0,0,0,0,0
56575,4155,0,0,0,0,0
11842,4182,0,0,0,0,0
11748,66,0,0,0,0,0
56555,105,0,0,0,0,0
56535,98093,0,0,0,0,0
56545,1440,0,0,0,0,0
11824,983,0,0,0,0,0
11825,690,0,0,0,0,0
56528,5551,0,0,0,0,0
56572,5382,0,0,0,0,0
11781,187,0,0,0,0,0
56541,671,0,0,0,0,0
56506,621,0,0,0,0,0
56507,383,0,0,0,0,0
56508,21144,0,0,0,0,0
930,3000,0,0,0,0,0
191,1600,0,0,0,0,0
11776,4500,0,0,0,0,0
56561,5017,0,0,0,0,0
11872,41,0,0,0,0,0
56521,270,0,0,0,0,0
11814,142,0,0,0,0,0
11815,1545,0,0,0,0,0
11816,1162,0,0,0,0,0
56582,295,0,0,0,0,0
11792,876,0,0,0,0,0
56563,1169,0,0,0,0,0
11827,4742,0,0,0,0,0
11836,7987,0,0,0,0,0
56530,1519,0,0,0,0,0
56512,1498,0,0,0,0,0
56551,278,0,0,0,0,0
2290296,11326,0,0,0,0,0
56543,2888,0,0,0,0,0
56529,838,0,0,0,0,0
56584,1846,0,0,0,0,0
56562,155,0,0,0,0,0
56590,5162,0,0,0,0,0
56542,6660,0,0,0,0,0
56531,1129,0,0,0,0,0
56564,1554,0,0,0,0,0
56558,633,0,0,0,0,0
56544,6534,0,0,0,0,0
56559,36088,0,0,0,0,0
56580,171,0,0,0,0,0
11797,588,0,0,0,0,0
11804,847,0,0,0,0,0
56571,2482,0,0,0,0,0
56568,6460,0,0,0,0,0
56548,4159,0,0,0,0,0
56520,8344,0,0,0,0,0
11758,15239,0,0,0,0,0
103652,-525,0,0,0,0,0
11073,-33214,0,0,0,0,0
11089,-11713,0,0,0,0,0
11094,-5600,0,0,0,0,0
11093,-6900,0,0,0,0,0
11779,5100,0,0,0,0,0
103666,-200,0,0,0,0,0
11787,376,0,0,0,0,0
103669,-4084,0,0,0,0,0
11796,6580,0,0,0,0,0
11122,-7278,0,0,0,0,0
11807,4336,0,0,0,0,0
11134,-19958.4,0,0,0,0,0
11151,-2000,0,0,0,0,0
11841,492,0,0,0,0,0
11163,-4000,0,0,0,0,0
total due: 251111.6, total paid: 0
1-2018
11877,429,0,0,0,0,0
11856,220,0,0,0,0,0
11922,2749,0,0,0,0,0
11925,7522,0,0,0,0,0
11931,137,0,0,0,0,0
11866,500,0,0,0,0,0
11873,379,0,0,0,0,0
11921,1227,0,0,0,0,0
103741,-80,0,0,0,0,0
11938,300,0,0,0,0,0
11953,716,0,0,0,0,0
15333577,4361,0,0,0,0,0
11276,-300,0,0,0,0,0
11888,211,0,0,0,0,0
11889,383,0,0,0,0,0
total due: 18754, total paid: 0
1-2018
56439,58182,0,0,0,0,0
total due: 58182, total paid: 0
1-2018
11887,324,0,0,0,0,0
11893,1023,0,0,0,0,0
11894,199,0,0,0,0,0
11895,1053,0,0,0,0,0
11906,79,0,0,0,0,0
11923,1434,0,0,0,0,0
11924,5170,0,0,0,0,0
11946,1897,0,0,0,0,0
11947,157,0,0,0,0,0
11948,119,0,0,0,0,0
11959,79,0,0,0,0,0
103730,-23,0,0,0,0,0
11861,8110,0,0,0,0,0
11912,497,0,0,0,0,0
11876,2573,0,0,0,0,0
11204,-2600,0,0,0,0,0
11950,1600,0,0,0,0,0
11864,5984,0,0,0,0,0
11907,998,0,0,0,0,0
11911,819,0,0,0,0,0
103713,-772,0,0,0,0,0
11892,57,0,0,0,0,0
11904,153,0,0,0,0,0
11955,899,0,0,0,0,0
56566,1084,0,0,0,0,0
56567,1053,0,0,0,0,0
56570,1322,0,0,0,0,0
11879,1414,0,0,0,0,0
56534,2026,0,0,0,0,0
11859,425,0,0,0,0,0
11932,1551,0,0,0,0,0
11933,280,0,0,0,0,0
11934,215,0,0,0,0,0
11853,410,0,0,0,0,0
11918,12597,0,0,0,0,0
11952,9862,0,0,0,0,0
total due: 62068, total paid: 0
2-2018
11958,10022,0,0,0,0,0
11860,2129,0,0,0,0,0
11884,1720,0,0,0,0,0
total due: 13871, total paid: 0
