Client id,Invoice number,Payment due,Payment due date,Payment date1,Payment paid1,Latency1
 5156900,56143,59,30.7.2017
 5156900,11609,3042,15.10.2017
 5156900,10990,133,14.6.2017
 5156900,10980,8234,14.6.2017
 5156900,56065,686,15.5.2017
 5156900,10909,842,14.6.2017
 5156900,10821,2832,15.5.2017
 5156900,10822,994,15.5.2017
 5156900,10769,5866,15.5.2017
 5156900,11095,-18805,15.12.2017
 5156900,11818,5127,15.12.2017
 5156900,103535,-702,29.9.2017
 5156900,56319,12780,29.9.2017
5156900,56244,16837,29.8.2017,31.12.2017,16837,124
5156900,56178,4447,30.7.2017,31.12.2017,4447,154
 5156900,103436,-474,30.7.2017
5156900,11157,790,30.7.2017,31.12.2017,790,154
5156900,11161,2366,30.7.2017,31.12.2017,2366,154
5156900,11162,95,30.7.2017,31.12.2017,95,154
5156900,11058,1586,30.7.2017,31.12.2017,1586,154
5156900,10981,4499,29.6.2017,31.10.2017,4499,124,31.12.2017,107,185
 5156900,56408,19719,30.10.2017
 5156900,103675,-338,30.12.2017
 5156900,56579,3078,30.12.2017
 5156900,11887,324,29.1.2018
 5156900,56488,9780,29.11.2017
 5156900,11893,1023,29.1.2018
 5156900,11894,199,29.1.2018
 5156900,11895,1053,29.1.2018
 5156900,11906,79,29.1.2018
 5156900,11923,1434,29.1.2018
 5156900,11924,5170,29.1.2018
 5156900,11946,1897,29.1.2018
 5156900,11947,157,29.1.2018
 5156900,11948,119,29.1.2018
 5156900,11959,79,29.1.2018
 5156900,56289,11919,29.9.2017
 5156900,11358,519,29.8.2017
 5156900,56222,10696,29.8.2017
 5156900,103209,-211,1.3.2017
 5156900,56379,16913,30.10.2017
 5156900,56547,4300,30.12.2017
 5156900,56460,27309,29.11.2017
 5156900,56194,3199,29.8.2017
5156900,9769,2106,30.12.2016,28.9.2017,2106,272
 5156900,56350,416,30.10.2017
 5156900,56428,5570,29.11.2017
 5156900,56514,981,30.12.2017
 5156900,103730,-23,29.1.2018
 5156900,56342,410,15.10.2017
 5156900,56509,574,15.12.2017
 5156900,56425,1904,14.11.2017
 5156900,56389,1171,30.10.2017
 5156900,56266,28,29.9.2017
 5156900,56518,7,30.12.2017
 5156900,56432,26,29.11.2017
 5156900,11010,-1700,29.11.2017
 5156900,103618,-800,29.11.2017
 5156900,56552,17847,30.12.2017
5156900,56467,37374,29.11.2017,31.12.2017,37374,32
5156900,56396,404,30.10.2017,4.12.2017,404,35
 5156900,56449,3720,29.11.2017
 5156900,11806,4000,30.12.2017
 5156900,11861,8110,29.1.2018
 5156900,56539,6927,30.12.2017
 5156900,55928,60,1.4.2017
 5156900,11912,497,29.1.2018
 5156900,11956,501,30.12.2017
 5156900,56575,4155,30.12.2017
5156900,56482,4467,29.11.2017,31.12.2017,3143,32
 5156900,11842,4182,30.12.2017
 5156900,11721,1600,29.11.2017
 5156900,11748,66,30.12.2017
 5156900,11877,429,14.1.2018
 5156900,11856,220,14.1.2018
5156900,11738,4644,14.11.2017,31.12.2017,3051,47
 5156900,11922,2749,14.1.2018
 5156900,56555,105,30.12.2017
 5156900,56368,11049,30.10.2017
 5156900,56535,98093,30.12.2017
5156900,56448,4477,29.11.2017,31.12.2017,4477,32
 5156900,56262,130,29.9.2017
 5156900,56237,546,29.8.2017
 5156900,56545,1440,30.12.2017
 5156900,11824,983,30.12.2017
 5156900,11825,690,30.12.2017
 5156900,56528,5551,30.12.2017
5156900,56404,539,30.10.2017,4.12.2017,539,35
5156900,11623,534,30.10.2017,4.12.2017,534,35
 5156900,56572,5382,30.12.2017
 5156900,11781,187,30.12.2017
 5156900,56441,1348,29.11.2017
5156900,11658,1720,14.11.2017,31.12.2017,1720,47
5156900,56373,673,30.10.2017,31.12.2017,673,62
 5156900,56541,671,30.12.2017
5156900,56457,2497,29.11.2017,31.12.2017,2497,32
5023361,11726,2113,14.11.2017,31.12.2017,720,47,8.7.2017,195,0
5156900,56487,2166,14.11.2017,31.12.2017,2166,47
 5156900,11925,7522,14.1.2018
 5156900,11931,137,14.1.2018
 5156900,56565,612,15.12.2017
 5156900,56475,1873,14.11.2017
 5156900,56503,25235,29.11.2017
 5156900,56341,5247,30.10.2017
 5156900,56357,50,30.10.2017
 5156900,56506,621,30.12.2017
 5156900,56507,383,30.12.2017
 5156900,56508,21144,30.12.2017
5156900,56269,10160,29.9.2017,31.12.2017,10160,93
5156900,11429,234,29.9.2017,31.12.2017,234,93
5156900,11432,267,29.9.2017,31.12.2017,267,93
5156900,56356,2017,30.10.2017,31.12.2017,1525,62
 5156900,930,3000,30.12.2017
 5156900,191,1600,30.12.2017
 5156900,11776,4500,30.12.2017
 5156900,11876,2573,29.1.2018
 5156900,11204,-2600,29.1.2018
 5156900,56435,11121,29.11.2017
 5156900,55802,12788,29.1.2017
 5156900,11866,500,14.1.2018
 5156900,11873,379,14.1.2018
 5156900,11735,235,14.11.2017
 5156900,10638,-1500,29.8.2017
 5156900,5001218,2468,29.8.2017
5156900,5001213,3666,30.7.2017,28.9.2017,-3666,60,20.7.2017,3666,0
5156900,10992,2808,29.6.2017,28.9.2017,-2808,91,20.7.2017,2808,21
5156900,56063,164,30.5.2017,28.9.2017,-164,121,20.7.2017,164,51
5156900,10774,1310,30.5.2017,28.9.2017,-1310,121,20.7.2017,1310,51
 5156900,11033,-800,29.11.2017
5156900,11715,328,30.10.2017,31.12.2017,328,62
5156900,56473,1697,30.10.2017,31.12.2017,1697,62
 5156900,56561,5017,30.12.2017
 5156900,56268,10585,29.9.2017
5156900,11391,335,29.9.2017,31.12.2017,335,93
 5156900,11872,41,30.12.2017
 5156900,11732,1170,29.11.2017
 5156900,56521,270,30.12.2017
 5156900,56556,418,15.12.2017
5156900,56424,20588,14.11.2017,31.12.2017,920,47
 5156900,11921,1227,14.1.2018
 5156900,103741,-80,14.1.2018
5156900,56315,98,30.8.2017,31.12.2017,98,123
 5156900,11938,300,14.1.2018
 5156900,11953,716,14.1.2018
 5156900,11814,142,30.12.2017
 5156900,11815,1545,30.12.2017
 5156900,11816,1162,30.12.2017
 5156900,56200,876,14.8.2017
 5156900,56329,3466,29.9.2017
 5156900,56252,5602,29.8.2017
 5156900,56418,1434,30.10.2017
 5156900,56496,10280,29.11.2017
 5156900,11467,848,29.9.2017
 5156900,11604,4133,30.10.2017
 5156900,11417,2854,29.9.2017
 5156900,11508,10851,30.10.2017
 5156900,11662,3949,29.11.2017
 5156900,11647,120,29.11.2017
 5156900,6847,21000,30.10.2017
 5156900,56466,4301,29.11.2017
 5156900,11441,8160,29.9.2017
 5156900,11950,1600,29.1.2018
 5156900,56582,295,30.12.2017
 5156900,56494,48240,29.11.2017
 5156900,56591,3270,30.11.2017
5156900,56336,61,30.8.2017,31.12.2017,61,123
5156900,56254,294,30.7.2017,31.12.2017,294,154
5156900,11271,698,30.7.2017,31.12.2017,698,154
5156900,11272,500,30.7.2017,31.12.2017,500,154
5156900,11274,59,30.7.2017,31.12.2017,59,154
 5156900,11792,876,30.12.2017
 5156900,11864,5984,29.1.2018
 5156900,56563,1169,30.12.2017
 5156900,11827,4742,30.12.2017
 5156900,11836,7987,30.12.2017
 5156900,56472,1949,29.11.2017
 5156900,11907,998,29.1.2018
 5156900,11911,819,29.1.2018
 5156900,11675,7740,29.11.2017
 5156900,56530,1519,30.12.2017
 5156900,56443,217,29.11.2017
 5156900,103713,-772,29.1.2018
5156900,56134,4016,30.7.2017,31.12.2017,4016,154
5156900,11079,1986,30.7.2017,31.12.2017,1986,154
5156900,56345,354,30.10.2017,31.12.2017,354,62
 5156900,56360,161,30.10.2017
 5156900,56438,333,29.11.2017
 5156900,56261,596,29.9.2017
 5156900,56512,1498,30.12.2017
 5156900,56293,14254,14.9.2017
 5156900,103512,-54,14.9.2017
 5156900,103513,-82,14.9.2017
 5156900,56224,6474,14.8.2017
5156900,722,668,14.9.2016,31.12.2017,668,473,28.9.2017,668,379
 5156900,10983,103,14.6.2017
 5156900,10975,3061,14.6.2017
 5156900,56036,14,15.5.2017
 5156900,10861,1537,15.5.2017
5156900,9767,407,15.12.2016,31.12.2017,82,381,28.9.2017,234,287
 5156900,56383,304,15.10.2017
 5156900,11719,519,14.11.2017
 5156900,103624,-14,14.11.2017
5156900,11025,-400,14.11.2017,20.7.2017,6901,0
 5156900,56549,2998,15.12.2017
 5156900,56463,943,14.11.2017
 5156900,11453,1200,14.9.2017
5156900,11524,11400,30.10.2017,31.12.2017,11400,62
5156900,11547,3324,30.10.2017,31.12.2017,3324,62
 5156900,103550,-1303,30.10.2017
5156900,11633,2974,30.10.2017,31.12.2017,2974,62
 5156900,11729,2357,29.11.2017
 5156900,56551,278,30.12.2017
 5156900,56464,3698,29.11.2017
5156900,55489,628,30.6.2016,28.9.2017,628,455
 5156900,2290296,11326,30.12.2017
 5156900,56376,920,30.10.2017
 5156900,56543,2888,30.12.2017
 5156900,11892,57,29.1.2018
 5156900,11904,153,29.1.2018
 5156900,15333577,4361,14.1.2018
 5156900,11276,-300,14.1.2018
5156900,56241,149,29.8.2017,31.12.2017,149,124
5156900,56172,5283,30.7.2017,31.12.2017,4954,154
5156900,56118,737,29.6.2017,31.12.2017,597,185
 5156900,11446,410,29.9.2017
 5156900,11955,899,29.1.2018
 5156900,56529,838,30.12.2017
 5156900,56584,1846,30.12.2017
5156900,56374,1769,30.10.2017,31.12.2017,1769,62
 5156900,56562,155,30.12.2017
 5156900,56471,757,29.11.2017
 5156900,56590,5162,30.12.2017
 5156900,56497,50858,29.11.2017
 5156900,103593,-697,29.12.2017
5156900,56322,2032,29.10.2017,31.12.2017,2032,63
5156900,11593,7107,29.11.2017,31.12.2017,7107,32
 5156900,56566,1084,29.1.2018
 5156900,56478,485,29.12.2017
 5156900,11958,10022,28.2.2018
 5156900,56567,1053,29.1.2018
 5156900,11860,2129,28.2.2018
 5156900,56570,1322,29.1.2018
 5156900,56480,698,29.12.2017
5156900,11622,13689,30.10.2017,31.12.2017,875,62
 5156900,11879,1414,29.1.2018
 5156900,10806,-445,30.10.2017
5156900,10915,497,29.6.2017,31.12.2017,497,185
5156900,10788,200,30.5.2017,31.12.2017,200,215
 5156900,103322,-250,30.5.2017
5156900,10295,500,1.4.2017,31.12.2017,500,274
 5156900,11848,3000,15.12.2017
 5156900,56569,400,15.12.2017
 5156900,56483,200,29.11.2017
 5156900,56583,666,15.12.2017
 5156900,11888,211,14.1.2018
 5156900,11889,383,14.1.2018
 5156900,56285,8003,29.9.2017
 5156900,56375,22686,30.10.2017
 5156900,56542,6660,30.12.2017
 5156900,56458,6644,29.11.2017
 5156900,10780,-2500,29.9.2017
 5156900,10781,-2500,29.9.2017
 5156900,10672,-23311,29.8.2017
 5156900,3031521,23311,29.8.2017
 5156900,10887,-3000,30.10.2017
 5156900,10351,-450,29.6.2017
 5156900,10917,450,29.6.2017
 5156900,10429,2480,1.4.2017
 5156900,10686,4420,30.5.2017
 5156900,10217,-10000,30.5.2017
 5156900,10540,4091,29.4.2017
 5156900,10541,5789,29.4.2017
 5156900,10978,-3500,29.11.2017
 5156900,10488,4774,1.4.2017
 5156900,10503,2155,1.4.2017
 5156900,56165,281,29.8.2017
 5156900,56531,1129,30.12.2017
5156900,56399,211,30.10.2017,4.12.2017,211,35
 5156900,56564,1554,30.12.2017
 5156900,56474,3215,29.11.2017
 5156900,56558,633,30.12.2017
 5156900,11457,13550,29.9.2017
 5156900,56287,1322,29.9.2017
 5156900,56220,1035,29.8.2017
5156900,11241,21872,29.8.2017,31.12.2017,31,124
 5156900,11580,2006,30.10.2017
 5156900,56377,1052,30.10.2017
 5156900,103573,-410,30.10.2017
 5156900,56544,6534,30.12.2017
 5156900,56459,14122,29.11.2017
 5156900,56365,1240,29.11.2017
 5156900,56534,2026,29.1.2018
 5156900,11884,1720,28.2.2018
 5156900,56445,3053,29.12.2017
 5156900,56229,32942,29.8.2017
 5156900,56166,15093,30.7.2017
 5156900,56392,2188,30.10.2017
 5156900,56559,36088,30.12.2017
 5156900,11859,425,29.1.2018
 5156900,56580,171,30.12.2017
5156900,56490,6286,29.11.2017,31.12.2017,6286,32
5156900,56452,933,29.11.2017,31.12.2017,933,32
 5156900,56489,40,29.12.2017
 5156900,11689,9096,29.11.2017
 5156900,11797,588,30.12.2017
 5156900,11804,847,30.12.2017
 5156900,11932,1551,29.1.2018
 5156900,11933,280,29.1.2018
 5156900,11934,215,29.1.2018
 5156900,56571,2482,30.12.2017
 5156900,56264,5806,29.10.2017
 5156900,11554,1600,30.10.2017
 5156900,56394,2854,30.10.2017
 5156900,11671,66,29.11.2017
 5156900,11598,190,30.10.2017
 5156900,11853,410,29.1.2018
5156900,56470,155,29.11.2017,31.12.2017,155,32
5156900,11746,133,15.12.2017,31.12.2017,133,16
5156900,922,900,15.12.2017,31.12.2017,900,16
5156900,11734,8835,14.11.2017,31.12.2017,970,47
 5156900,11577,10446,30.10.2017
 5156900,56349,57,30.10.2017
 5156900,56403,2687,30.10.2017
 5156900,56568,6460,30.12.2017
 5156900,56479,7183,29.11.2017
 5156900,56548,4159,30.12.2017
5156900,56461,9786,29.11.2017,31.12.2017,6376,32
 5156900,11918,12597,29.1.2018
 5156900,11952,9862,29.1.2018
 5156900,56588,1197,30.11.2017
 5156900,11826,3479,30.11.2017
 5156900,56281,725,29.9.2017
 5156900,56370,1717,30.10.2017
 5156900,56520,8344,30.12.2017
 5156900,11628,21610,30.10.2017
5156900,11022,-4000,29.11.2017,20.7.2017,483,0
 5156900,10128,5900,29.11.2017
5156900,11478,450,14.9.2017,31.10.2017,450,47
 5156900,11519,125,15.10.2017
 5156900,56292,74,14.9.2017
 5156900,56382,110,15.10.2017
 5156900,10333,5562,1.4.2017
 5156900,103234,-249,1.4.2017
 5156900,10451,7551,1.4.2017
 5156900,10461,1707,1.4.2017
 5156900,10507,493,1.4.2017
 5156900,103255,-632,29.4.2017
 5156900,103256,-140,29.4.2017
 5156900,10533,1198,29.4.2017
 5156900,10558,632,29.4.2017
 5156900,10572,580,29.4.2017
 5156900,10587,1639,29.4.2017
 5156900,10588,110,29.4.2017
 5156900,10594,1796,29.4.2017
 5156900,10616,78,29.4.2017
 5156900,10618,408,29.4.2017
 5156900,10621,2336,29.4.2017
 5156900,10622,197,29.4.2017
 5156900,10623,204,29.4.2017
 5156900,10650,731,29.4.2017
 5156900,10651,1236,29.4.2017
 5156900,10652,1597,29.4.2017
5156900,10675,140,30.5.2017,31.10.2017,140,154
 5156900,103295,-79,30.5.2017
5156900,10693,460,30.5.2017,31.10.2017,460,154
5156900,10694,1729,30.5.2017,31.10.2017,1729,154
 5156900,10700,286,30.5.2017
 5156900,103300,-22,30.5.2017
 5156900,103303,-1236,30.5.2017
5156900,10719,409,30.5.2017,31.10.2017,409,154
5156900,10745,1741,30.5.2017,31.10.2017,1741,154
5156900,10783,599,30.5.2017,31.10.2017,599,154
5156900,10838,595,30.5.2017,31.10.2017,595,154
5156900,10839,1531,30.5.2017,31.10.2017,1531,154
5156900,10840,1492,30.5.2017,31.10.2017,1492,154
5156900,10841,491,30.5.2017,31.10.2017,491,154
5156900,10880,1154,29.6.2017,31.10.2017,1154,124
5156900,10923,222,29.6.2017,31.10.2017,222,124
5156900,10924,117,29.6.2017,31.10.2017,117,124
5156900,10950,840,29.6.2017,31.10.2017,840,124
5156900,10953,426,29.6.2017,31.10.2017,426,124
5156900,10956,3455,29.6.2017,31.10.2017,3455,124
5156900,10969,685,29.6.2017,31.10.2017,685,124
5156900,11001,45,29.6.2017,31.10.2017,45,124
 5156900,10432,-202.38,30.7.2017
 5156900,56083,99,29.6.2017
 5156900,11085,9961,30.7.2017
 5156900,11109,2644,30.7.2017
 5156900,11110,5800,30.7.2017
 5156900,11201,215,30.7.2017
 5156900,56137,14682,30.7.2017
 5156900,103539,-1500,30.10.2017
5156900,56197,319,29.8.2017,31.10.2017,319,63
 5156900,56296,13396,29.9.2017
 5156900,56386,35458,30.10.2017
 5156900,56351,10728,30.10.2017
5156900,56413,1253,15.10.2017,31.10.2017,1253,16
5156900,11281,672,30.7.2017,31.10.2017,672,93
 5156900,10602,-173,30.7.2017
 5156900,56338,12996,30.10.2017
 5156900,11717,9914,29.11.2017
 5156900,11026,-1500,29.11.2017
 5156900,11607,6477,15.10.2017
 5156900,56298,475,29.9.2017
5156900,56274,14561,29.9.2017,31.10.2017,14561,32
 5156900,56364,16214,30.10.2017
 5156900,55958,26730,29.4.2017
 5156900,56009,29479,30.5.2017
 5156900,103361,-176,29.6.2017
 5156900,103381,-1860,29.6.2017
 5156900,56077,2978,29.6.2017
 5156900,11160,700,30.7.2017
 5156900,56133,100,30.7.2017
 5156900,11657,6485,29.11.2017
5156900,56145,37492,28.9.2017,31.10.2017,25759,33
 5156900,56190,30416,28.10.2017
 5156900,11518,2480,29.12.2017
 5156900,56271,41913,28.11.2017
 5156900,56361,45189,29.12.2017
5156900,56228,1332,29.8.2017,31.10.2017,1332,63
5156900,11462,2344,29.9.2017,31.10.2017,2344,32
 5156900,11465,7700,29.9.2017
 5156900,56297,883,29.9.2017
 5156900,11624,3456,30.10.2017
 5156900,11625,2135,30.10.2017
 5156900,103594,-531,29.11.2017
 5156900,56387,936,30.10.2017
 5156900,11179,1420,30.7.2017
 5156900,56278,604,29.9.2017
 5156900,56423,31,30.10.2017
 5156900,11686,4543,14.11.2017
 5156900,56081,602,29.6.2017
 5156900,56135,601,30.7.2017
 5156900,11288,295,29.8.2017
 5156900,56192,447,29.8.2017
 5156900,56259,811,29.9.2017
 5156900,56346,783,30.10.2017
5023361,13079,-421,29.8.2017,1.7.2017,-35,0
 5156900,14342,-761,30.10.2017
 5156900,56410,507,15.10.2017
 5156900,11685,98,14.11.2017
 5156900,11449,384,29.9.2017
 5156900,11450,337,29.9.2017
 5156900,11474,337,29.9.2017
 5156900,56335,2036,29.9.2017
 5156900,56397,4137,30.9.2017
 5156900,11600,20600,30.10.2017
 5156900,56412,5262,30.10.2017
5156900,11252,2059,29.8.2017,31.10.2017,2059,63
5156900,11332,1217,29.8.2017,31.10.2017,1217,63
 5156900,11523,3543,30.10.2017
 5156900,56388,356,30.10.2017
 5156900,11710,999,29.11.2017
 5156900,10522,388,29.4.2017
 5156900,103263,-5,29.4.2017
 5156900,12776,-123,29.4.2017
 5156900,12951,-117,30.5.2017
 5156900,56079,1011,29.6.2017
5156900,56191,114,29.8.2017,31.10.2017,114,63
5156900,56257,3842,29.9.2017,31.10.2017,3842,32
 5156900,56343,-151,30.10.2017
 5156900,13915,-28,30.10.2017
 5156900,11510,1285,30.10.2017
 5156900,11511,12000,30.10.2017
 5156900,11512,2468,30.10.2017
 5156900,11513,54,30.10.2017
 5156900,56304,1084,29.9.2017
 5156900,11543,2056,30.10.2017
 5156900,103602,-486,29.11.2017
 5156900,56080,398,29.6.2017
 5156900,56258,835,29.9.2017
 5156900,27929,-360,29.9.2017
 5156900,56344,1044,30.10.2017
 5156900,11632,-25.14,29.11.2017
5156900,11290,19372,29.8.2017,31.10.2017,19372,63
5156900,56203,922,29.8.2017,31.10.2017,922,63
 5156900,103509,-1151,29.9.2017
 5156900,56270,9385,29.9.2017
5156900,10900,2855,29.6.2017,31.10.2017,2469,124
5156900,11171,1104,30.7.2017,31.10.2017,1104,93
 5156900,11198,2897,30.7.2017
 5156900,11419,1512,29.9.2017
 5156900,11476,159,29.9.2017
 5156900,56286,1160,29.9.2017
 5156900,11035,-300,29.11.2017
 5156900,56308,608,29.9.2017
 5156900,11555,2340,30.10.2017
 5156900,56400,632,30.10.2017
 5156900,11013,-1000,29.11.2017
 5156900,11704,1200,29.11.2017
 5156900,10912,4861,14.6.2017
5156900,10898,5987,29.6.2017,28.9.2017,2338,91
 5156900,10998,234,29.6.2017
 5156900,11046,977,30.7.2017
5156900,56151,1297,30.7.2017,31.10.2017,1297,93
5156900,11279,1247,29.8.2017,31.10.2017,1247,63
5156900,11338,64,29.8.2017,31.10.2017,64,63
5156900,56214,1020,29.8.2017,31.10.2017,1020,63
5156900,11402,1432,29.9.2017,31.10.2017,1432,32
5156900,11411,129,29.9.2017,31.10.2017,129,32
 5156900,56185,1021,30.6.2017
 5156900,11398,930,30.8.2017
 5156900,11615,2254,30.9.2017
 5156900,56303,1943,29.9.2017
 5156900,56395,328,30.10.2017
 5156900,103598,-532,29.11.2017
5156900,11235,281,29.8.2017,31.10.2017,281,63
5156900,11321,7469,29.8.2017,31.10.2017,7469,63
5156900,56233,295,29.8.2017,31.10.2017,295,63
 5156900,56402,476,29.11.2017
 5156900,11725,12,29.12.2017
 5156900,11530,64406,30.10.2017
 5156900,11619,21060,30.10.2017
 5156900,11621,6772,30.10.2017
 5156900,11136,257,15.7.2017
 5156900,56170,773,15.7.2017
 5156900,56239,181,14.8.2017
 5156900,103504,-478,29.9.2017
 5156900,56381,2577,30.10.2017
5156900,11418,767,14.9.2017,31.10.2017,767,47
5156900,11323,508,14.8.2017,31.10.2017,508,78
5156900,11540,135,15.10.2017,31.10.2017,135,16
 5156900,11602,503,15.10.2017
5156900,56223,4748,29.8.2017,31.10.2017,4748,63
 5156900,56390,2784,30.10.2017
5156900,11415,830,29.9.2017,31.10.2017,129,32
 5156900,56405,66,30.10.2017
 5156900,11642,161,29.11.2017
5156900,56299,370,29.9.2017,31.10.2017,370,32
5156900,11209,2743,15.7.2017,31.10.2017,700,108
5156900,11210,48,15.7.2017,31.10.2017,48,108
5156900,56207,328,14.8.2017,31.10.2017,328,78
 5156900,10939,-912,14.11.2017
5156900,56182,1112,30.7.2017,31.10.2017,1112,93
 5156900,11250,750,28.9.2017
 5156900,11251,12,28.9.2017
 5156900,11317,674,28.9.2017
 5156900,56276,386,29.10.2017
 5156900,11475,767,14.9.2017
 5156900,11491,374,14.9.2017
 5156900,11507,260,15.10.2017
 5156900,103540,-100,15.10.2017
5156900,11239,856,28.9.2017,31.10.2017,856,33
5156900,11308,1516,28.9.2017,31.10.2017,1516,33
 5156900,56320,100,29.10.2017
 5156900,11569,173,29.11.2017
5156900,56106,166,29.7.2017,31.10.2017,166,94
 5156900,56291,422,29.10.2017
 5156900,11528,82,29.11.2017
 5156900,11590,102,29.11.2017
5156900,10894,-1,29.11.2017,20.7.2017,1818,0
5156900,11479,1633,29.9.2017,31.10.2017,1633,32
 5156900,56302,585,29.9.2017
 5156900,11533,8000,30.10.2017
 5156900,56401,1078,30.10.2017
 5156900,11676,4500,29.11.2017
 5156900,11727,3417,29.11.2017
 5156900,11257,1500,29.8.2017
 5156900,56216,228,29.8.2017
 5156900,56282,1891,29.9.2017
 5156900,56372,251,30.10.2017
 5156900,56391,5777,30.10.2017
 5156900,103627,-277,29.11.2017
 5156900,11042,299,30.7.2017
5156900,10664,176,30.5.2017,31.10.2017,176,154
 5156900,103611,-899,29.11.2017
 5156900,11695,176,29.11.2017
5156900,56211,172,29.8.2017,31.10.2017,172,63
5156900,56279,2176,29.9.2017,31.10.2017,2176,32
 5156900,10826,-2044,30.10.2017
 5156900,56369,3101,30.10.2017
 5156900,103608,-3101,29.11.2017
 5156900,56290,8422,29.9.2017
 5156900,10865,-3000,30.10.2017
 5156900,10961,-5000,29.11.2017
 5156900,56380,2668,30.10.2017
 5156900,56385,7425,30.10.2017
 5156900,11711,2924,29.11.2017
 5156900,11712,22115,29.11.2017
 5156900,11713,3989,29.11.2017
 5156900,56215,1096,29.8.2017
 5156900,11480,5484,29.9.2017
5156900,8981,4995,30.6.2016,28.9.2017,218,455
5156900,8982,9862,30.6.2016,28.9.2017,9862,455
5156900,8997,1390,30.6.2016,28.9.2017,1390,455
5156900,55550,228,30.7.2016,28.9.2017,228,425
 5156900,9755,3285,30.12.2016
 5156900,55788,11131,30.12.2016
 5156900,9828,632,29.1.2017
 5156900,103134,-106,29.1.2017
 5156900,103135,-123,29.1.2017
 5156900,103186,-49,1.3.2017
5023361,10300,78,1.4.2017,8.7.2017,150,98
 5156900,10310,183,1.4.2017
 5156900,10305,3283,1.4.2017
 5156900,103210,-22,1.4.2017
 5156900,10334,705,1.4.2017
 5156900,10365,758,1.4.2017
 5156900,10020,-144.16,1.4.2017
 5156900,10127,-200,30.3.2017
 5156900,10405,156,1.4.2017
 5156900,10397,140,1.4.2017
 5156900,10410,249,1.4.2017
 5156900,10411,222,1.4.2017
 5156900,10423,355,1.4.2017
 5156900,10444,140,1.4.2017
 5156900,10445,870,1.4.2017
 5156900,10499,840,1.4.2017
 5156900,10277,-42644.25,30.5.2017
 5156900,55005,-4,30.5.2017
 5156900,10789,-300,30.8.2017
 5156900,11556,1850,30.9.2017
 5156900,56355,81,30.9.2017
 5156900,11599,110,30.10.2017
 5156900,56498,2472,30.10.2017
 5156900,11714,2055,14.11.2017
 5156900,11737,130,14.11.2017
 5156900,56495,1504,14.11.2017
 5156900,56437,-1281,14.11.2017
 5156900,56491,1614,14.11.2017
 5156900,11063,-2165,15.12.2017
 5156900,103649,-164,15.12.2017
 5156900,103616,-165,29.11.2017
 5156900,11780,2230,30.11.2017
 5156900,103662,-269,30.11.2017
 5156900,11765,300,15.12.2017
5156900,11017,-812,29.11.2017,20.7.2017,293,0
 5156900,11120,-2000,30.11.2017
 5156900,56468,1712,29.11.2017
 5156900,56426,1106,29.11.2017
 5156900,56476,527,29.11.2017
 5156900,56504,10698,29.11.2017
 5156900,56477,902,29.11.2017
 5156900,56430,1114,29.11.2017
 5156900,56456,283,29.11.2017
 5156900,56451,2691,29.11.2017
 5156900,11758,15239,30.12.2017
 5156900,11788,213,15.12.2017
 5156900,11108,-213,15.12.2017
 5156900,11784,604,15.12.2017
 5156900,11785,257,15.12.2017
 5156900,103652,-525,30.12.2017
 5156900,11073,-33214,30.12.2017
 5156900,11119,-7100,15.12.2017
 5156900,11794,6790,15.12.2017
 5156900,11810,1831,15.12.2017
 5156900,11819,2165,15.12.2017
 5156900,11089,-11713,30.12.2017
 5156900,11094,-5600,30.12.2017
 5156900,11166,-3030,15.12.2017
 5156900,11093,-6900,30.12.2017
 5156900,11779,5100,30.12.2017
 5156900,103666,-200,30.12.2017
 5156900,11787,376,30.12.2017
 5156900,103669,-4084,30.12.2017
 5156900,11796,6580,30.12.2017
 5156900,11122,-7278,30.12.2017
 5156900,11807,4336,30.12.2017
 5156900,11134,-19958.4,30.12.2017
 5156900,11151,-2000,30.12.2017
 5156900,11841,492,30.12.2017
 5156900,11163,-4000,30.12.2017
 5156900,56439,58182,28.1.2018
397,9818,163,30.11.2016
397,55757,421,30.11.2016
170,11303,978,30.7.2017
63,56455,2104,30.10.2017
26,11798,17598,15.12.2017
9,11214,-8000,14.1.2018
3,11963,255,30.12.2017
2,56671,1154,30.12.2017
2,56585,24660,30.12.2017
2,56672,460,30.12.2017
-13,56667,624,14.1.2018
-13,56612,70,14.1.2018
-13,11968,281,14.1.2018
-13,56663,4155,14.1.2018
-13,56628,19254,14.1.2018
-13,56637,60,14.1.2018
-13,56656,370,14.1.2018
-17,103747,-187,14.2.2018
-17,11375,-3237,30.1.2018
-19,11992,474,14.2.2018
-23,12010,3149,14.2.2018
-23,12011,774,14.2.2018
-27,11961,500,29.1.2018
-27,11962,2000,29.1.2018
-28,56613,21766,29.1.2018
-28,56607,3873,29.1.2018
-28,56608,90,29.1.2018
-28,56641,37967,29.1.2018
-28,56627,2041,29.1.2018
-28,56631,6514,29.1.2018
-28,56642,176,29.1.2018
-28,56658,1871,29.1.2018
-28,56626,2594,29.1.2018
-28,56643,2808,29.1.2018
-28,56644,246,29.1.2018
-28,56618,1407,29.1.2018
-28,56614,3431,29.1.2018
-28,56611,539,29.1.2018
-28,56610,20111,29.1.2018
-28,56675,1825,29.1.2018
-28,56598,3634,29.1.2018
-28,56640,575,29.1.2018
-28,11985,1181,29.1.2018
-28,56620,2851,29.1.2018
-28,56638,3658,29.1.2018
-28,56634,1783,29.1.2018
-28,56651,386,29.1.2018
-28,56648,3651,29.1.2018
-28,56673,8462,29.1.2018
-28,56624,307,29.1.2018
-28,56633,813,29.1.2018
-28,56649,2299,29.1.2018
-28,56645,869,29.1.2018
-28,56597,1394,29.1.2018
-28,56669,169,29.1.2018
-28,56650,1140,29.1.2018
-28,56654,500,29.1.2018
-28,56668,28136,29.1.2018
-28,56652,8097,29.1.2018
-28,56635,11698,29.1.2018
-28,56639,76,29.1.2018
-28,56630,2363,29.1.2018
-30,12025,2129,14.2.2018
-32,11983,1554,1.3.2018
-32,11984,2059,1.3.2018
-32,11986,2788,1.3.2018
-33,11989,126,1.3.2018
-34,11993,2926,1.3.2018
-35,103755,-1500,1.3.2018
-37,12049,190,14.2.2018
-38,103760,-293,1.3.2018
-38,12004,13487,1.3.2018
-38,11328,-13500,1.3.2018
-39,12014,4739,1.3.2018
-42,11360,-1000,1.3.2018
-42,12021,7335,1.3.2018
-43,11363,-2000,1.3.2018
-45,12026,8087,1.3.2018
-45,12028,546,1.3.2018
-48,103767,-140,1.3.2018
-49,12040,810,1.3.2018
-49,103769,-58,1.3.2018
-49,12042,761,1.3.2018
-50,12044,75,1.3.2018
-50,103771,-740,1.3.2018
-50,12043,281,1.3.2018
-52,12046,3701,1.3.2018
-52,12054,4834,1.3.2018
-54,12058,4563,1.3.2018
-55,12061,2758,1.3.2018
-56,12066,328,1.3.2018
-56,2,41100,1.3.2018
-56,12065,11270,1.3.2018
-56,12063,5400,1.3.2018
-58,11973,3500,28.2.2018
-58,56653,237,28.2.2018
-58,56623,1955,28.2.2018
-59,11406,-1000,1.3.2018
-59,12071,24494,1.3.2018
-59,12070,3432,1.3.2018
 5156900,10706,9000,30.10.2017
 5156900,10707,9111,30.10.2017
 5156900,10866,-9000,30.10.2017
 5156900,10897,-5900,30.10.2017
5156900,11395,627,29.9.2017,28.9.2017,627,0
 5156900,56312,1963,29.9.2017
 5156900,56328,867,29.9.2017
5156900,56227,21871,29.8.2017,28.9.2017,21871,30
5156900,9484,14000,30.10.2016,28.9.2017,1234,333
5156900,55636,493,30.10.2016,28.9.2017,493,333
5156900,55752,517,30.12.2016,28.9.2017,517,272
5156900,9883,1391,29.1.2017,28.9.2017,1391,242
5156900,9899,2797,29.1.2017,28.9.2017,2797,242
5156900,55816,492,29.1.2017,28.9.2017,492,242
5156900,10543,1031,29.4.2017,28.9.2017,1031,152
5156900,56026,135,30.5.2017,28.9.2017,135,121
 5156900,56314,15015,29.9.2017
5156900,11325,3800,14.8.2017,28.9.2017,3800,45
 5156900,103474,-45,29.8.2017
 5156900,11330,1118,29.8.2017
 5156900,103483,-70,29.8.2017
 5156900,56210,2695,29.8.2017
5156900,56221,444,29.8.2017,28.9.2017,444,30
5156900,56144,632,30.7.2017,28.9.2017,632,60
 5156900,11466,4797,29.9.2017
 5156900,56337,21248,29.9.2017
5156900,56142,21088,30.7.2017,28.9.2017,7730,60
5156900,11306,95,29.8.2017,28.9.2017,95,30
5156900,11336,719,29.8.2017,28.9.2017,719,30
5156900,11337,385,29.8.2017,28.9.2017,385,30
5156900,11345,1083,29.8.2017,28.9.2017,1083,30
5156900,11352,1430,29.8.2017,28.9.2017,1430,30
 5156900,103489,-544,29.8.2017
5156900,56199,153,29.8.2017,28.9.2017,153,30
 5156900,103518,-84,29.8.2017
5156900,11284,2630,14.8.2017,28.9.2017,2100,45
5156900,11297,57,14.8.2017,28.9.2017,57,45
5156900,11496,3000,30.8.2017,28.9.2017,3000,29
 5156900,103542,-176,30.9.2017
 5156900,11509,14,30.9.2017
5023361,11576,2988,30.9.2017,1.7.2017,-42,0
5156900,10864,-5558,30.9.2017,20.7.2017,474,0
 5156900,56333,555,29.9.2017
5156900,56247,9094,29.8.2017,28.9.2017,3053,30
 5156900,103505,-736,29.9.2017
 5156900,11447,12407,29.9.2017
 5156900,11451,234,29.9.2017
 5156900,56324,13203,29.9.2017
 5156900,10901,-8000,30.10.2017
5156900,11304,5790,29.8.2017,28.9.2017,7,30
5156900,11329,126,29.8.2017,28.9.2017,126,30
 5156900,11387,790,29.9.2017
5156900,56235,481,29.8.2017,28.9.2017,481,30
 5156900,11421,3920,29.9.2017
 5156900,11617,11100,30.10.2017
 5156900,103582,-11100,30.10.2017
5156900,11280,6779,29.8.2017,28.9.2017,1304,30
5156900,56206,221,29.8.2017,28.9.2017,221,30
 5156900,11492,510,29.9.2017
 5156900,10779,-2000,29.9.2017
 5156900,11499,228,29.9.2017
 5156900,56275,4231,29.9.2017
 5156900,11589,1000,30.10.2017
 5156900,10876,-1000,30.10.2017
5156900,56037,242,30.5.2017,28.9.2017,242,121
5156900,11223,59,29.8.2017,28.9.2017,59,30
5156900,56160,3046,30.7.2017,28.9.2017,3046,60
5156900,11374,318,29.8.2017,28.9.2017,318,30
5156900,56225,154,29.8.2017,28.9.2017,154,30
5156900,10831,35900,30.5.2017,28.9.2017,10082,121,20.7.2017,10000,51
5156900,10891,2480,29.6.2017,28.9.2017,2480,91
 5156900,10832,-5000,30.10.2017
 5156900,56310,243,29.10.2017
5156900,56180,796,15.7.2017,28.9.2017,796,75
5156900,11141,2029,30.7.2017,28.9.2017,857,60
5156900,56155,3907,30.7.2017,28.9.2017,3907,60
5156900,56219,28320,29.8.2017,28.9.2017,28320,30
 5156900,103507,-293,29.9.2017
 5156900,10903,-20000,30.10.2017
 5156900,11381,12620,29.9.2017
 5156900,11393,4613,29.9.2017
 5156900,11414,910,29.9.2017
 5156900,103506,-594,29.9.2017
5156900,56245,1433,29.8.2017,28.9.2017,1433,30
 5156900,11433,713,29.9.2017
 5156900,56321,4321,29.9.2017
5156900,11083,889,30.7.2017,28.9.2017,889,60
 5156900,10893,-92,29.11.2017
 5156900,189,92,29.11.2017
5156900,11262,4573,29.8.2017,28.9.2017,4573,30
5156900,11291,3692,29.8.2017,28.9.2017,3692,30
5156900,56057,193,15.5.2017,28.9.2017,193,136
5156900,11057,760,15.7.2017,28.9.2017,760,75
5156900,11069,304,15.7.2017,28.9.2017,304,75
5156900,11380,146,14.9.2017,28.9.2017,146,14
5156900,56242,72,14.8.2017,28.9.2017,72,45
5156900,11440,13,14.9.2017,28.9.2017,13,14
 5156900,56318,233,14.9.2017
 5156900,56196,279,28.9.2017
 5156900,11431,2878,29.9.2017
5156900,56085,15407,29.6.2017,28.9.2017,15407,91,20.7.2017,15407,21
 5156900,10466,-6000,30.7.2017
 5156900,10511,-2233,30.7.2017
5156900,56195,725,29.8.2017,28.9.2017,725,30
5156900,10742,-22655,29.9.2017,20.7.2017,110,0
 5156900,11488,948,29.9.2017
 5156900,103534,-632,29.9.2017
 5156900,11489,1624,29.9.2017
 5156900,103536,-204,29.9.2017
 5156900,10787,-800,29.9.2017
 5156900,11500,15681,29.9.2017
 5156900,11501,17679,29.9.2017
 5156900,56263,2916,29.9.2017
 5156900,11383,24818,29.9.2017
 5156900,11384,1613,29.9.2017
 5156900,11401,702,29.9.2017
 5156900,11427,2566,29.9.2017
 5156900,11456,1400,29.9.2017
 5156900,103517,-1364,29.9.2017
 5156900,11458,882,29.9.2017
 5156900,56295,743,29.9.2017
 5156900,11550,512,30.10.2017
5156900,10892,-15000,30.10.2017,20.7.2017,1685,0
5156900,11370,702,29.8.2017,28.9.2017,702,30
 5156900,11192,18860,30.7.2017
5156900,56035,39,15.5.2017,20.7.2017,39,66
5156900,10888,13261,14.6.2017,20.7.2017,5308,36
5156900,11018,293,14.6.2017,20.7.2017,293,36
 5156900,56158,476,15.7.2017
 5156900,11278,82,14.8.2017
 5156900,11311,1796,14.8.2017
5156900,10492,1104,1.4.2017,20.7.2017,1104,110
5156900,55996,666,29.4.2017,20.7.2017,666,82
5156900,10758,55,30.5.2017,20.7.2017,55,51
5156900,10679,197,30.5.2017,20.7.2017,197,51
5156900,10565,152,29.4.2017,20.7.2017,152,82
5156900,10463,398,1.4.2017,20.7.2017,398,110
5156900,56056,1188,30.5.2017,20.7.2017,1188,51
5156900,11004,1376,29.6.2017,20.7.2017,1376,21
5156900,11005,144,29.6.2017,20.7.2017,144,21
5156900,56121,221,29.6.2017,20.7.2017,221,21
 5156900,11103,42,30.7.2017
 5156900,11138,229,30.7.2017
 5156900,11139,182,30.7.2017
 5156900,11307,997,29.8.2017
 5156900,103413,-2232,30.7.2017
5156900,10455,398,17.3.2017,20.7.2017,398,125
5156900,56078,1799,14.6.2017,20.7.2017,1799,36
5156900,55964,59,29.4.2017,20.7.2017,59,82
5156900,56015,1261,30.5.2017,20.7.2017,1261,51
5156900,56087,1776,29.6.2017,20.7.2017,1776,21
 5156900,11078,1642,30.7.2017
 5156900,56140,314,30.7.2017
5156900,10710,500,30.5.2017,20.7.2017,500,51
5156900,10885,3900,29.6.2017,20.7.2017,3900,21
5156900,11024,466,29.6.2017,20.7.2017,466,21
5156900,56109,1250,29.6.2017,20.7.2017,1250,21
 5156900,11121,1011,30.7.2017
 5156900,11164,8722,30.7.2017
 5156900,11189,4994,30.7.2017
 5156900,56162,9813,30.7.2017
 5156900,11041,1628,30.7.2017
 5156900,56084,1550,29.6.2017
5156900,10904,126,14.6.2017,20.7.2017,88,36
5156900,10905,274,14.6.2017,20.7.2017,274,36
5156900,10906,56,14.6.2017,20.7.2017,56,36
 5156900,10385,-456,14.6.2017
 5156900,11129,35,30.7.2017
 5156900,109,-11700,30.7.2017
 5156900,10475,-5000,30.7.2017
 5156900,10556,-50,29.8.2017
 5156900,871,25000,29.8.2017
 5156900,112,-36504,29.8.2017
 5156900,10369,-4117,29.6.2017
 5156900,11096,64,30.7.2017
5156900,10951,420,29.6.2017,20.7.2017,420,21
5156900,11037,489,29.6.2017,20.7.2017,489,21
 5156900,56171,17483,30.7.2017
 5156900,11258,4871,29.8.2017
 5156900,11259,798,29.8.2017
 5156900,10615,-14000,29.8.2017
 5156900,11124,625,30.7.2017
 5156900,103420,-142,30.7.2017
 5156900,11219,1209,15.7.2017
5156900,10872,2000,14.6.2017,20.7.2017,2000,36
5156900,10873,211,14.6.2017,20.7.2017,211,36
 5156900,103308,-2298,30.5.2017
 5156900,56096,2601,29.6.2017
5156900,11065,6497,30.7.2017,20.7.2017,6497,0
5156900,56094,61831,29.6.2017,20.7.2017,43503,21
 5156900,56148,4779,30.7.2017
 5156900,10614,-50000,29.8.2017
5156900,56120,404,29.6.2017,20.7.2017,404,21
 5156900,56116,807,29.6.2017
 5156900,56169,269,30.7.2017
 5156900,56022,638,30.5.2017
 5156900,11016,57,29.6.2017
 5156900,11027,688,29.6.2017
5156900,56092,2183,29.6.2017,20.7.2017,2183,21
 5156900,56147,2238,30.7.2017
 5156900,56153,1420,30.7.2017
 5156900,10645,39,14.4.2017
 5156900,10526,31,14.4.2017
 5156900,11212,59,15.7.2017
5156900,56123,1201,14.6.2017,20.7.2017,1126,36
5156900,11087,1829,15.7.2017,20.7.2017,343,5
 5156900,56176,436,15.7.2017
 5156900,10963,3184,14.6.2017
 5156900,56114,1169,14.6.2017
5156900,11023,1638,29.6.2017,20.7.2017,1469,21
5156900,11059,316,30.7.2017,20.7.2017,316,0
 5156900,103425,-601,30.7.2017
 5156900,11295,11036,29.8.2017
 5156900,11296,1399,29.8.2017
 5156900,11320,8300,29.8.2017
 5156900,11150,11672,28.9.2017
 5156900,11158,398,28.9.2017
 5156900,11244,10427,28.10.2017
 5156900,11264,6962,28.10.2017
5156900,10896,2292,29.6.2017,20.7.2017,2292,21
 5156900,11229,1776,29.8.2017
 5156900,11230,607,29.8.2017
5156900,11045,809,30.7.2017,20.7.2017,809,0
 5156900,11127,8693,30.7.2017
 5156900,11132,1287,30.7.2017
 5156900,56163,1131,30.7.2017
 5156900,11275,702,29.8.2017
5156900,11049,790,30.7.2017,20.7.2017,790,0
 5156900,11255,6611,29.8.2017
 5156900,11283,351,29.8.2017
 5156900,103466,-41,29.8.2017
5156900,56089,11958,29.6.2017,20.7.2017,10000,21
 5156900,10518,-10000,30.7.2017
 5156900,56187,4861,30.7.2017
5156900,10800,5132,15.5.2017,20.7.2017,631,66
5156900,10994,710,14.6.2017,20.7.2017,710,36
 5156900,10575,-3500,14.8.2017
 5156900,11261,3500,14.8.2017
 5156900,10604,-1000,14.8.2017
 5156900,10605,-200,14.8.2017
 5156900,103467,-671,14.8.2017
 5156900,11167,807,15.7.2017
 5156900,103454,-49,14.8.2017
 5156900,56188,326,30.7.2017
5156900,10952,50544,29.6.2017,20.7.2017,50544,21
5156900,11044,1807,30.5.2017,20.7.2017,913,51
5156900,11197,1870,30.6.2017,20.7.2017,1870,20
5156900,11200,92,30.6.2017,20.7.2017,92,20
 5156900,10633,-10000,29.8.2017
5156900,10962,24093,29.6.2017,20.7.2017,10824,21
 5156900,11233,950,29.8.2017
 5156900,11234,731,29.8.2017
5156900,10999,164,29.6.2017,20.7.2017,164,21
5156900,11021,330,29.6.2017,20.7.2017,112,21
 5156900,103402,-601,30.7.2017
 5156900,103403,-3165,30.7.2017
 5156900,11070,1160,30.7.2017
 5156900,56108,863,29.6.2017
 5156900,11125,7900,30.7.2017
 5156900,11126,379,30.7.2017
 5156900,56161,485,30.7.2017
 5156900,11299,1271,29.8.2017
 5156900,11316,553,29.8.2017
 5156900,10609,-4000,29.8.2017
5156900,56129,4241,29.6.2017,20.7.2017,4003,21
 5156900,11104,2100,30.7.2017
 5156900,11105,3448,30.7.2017
 5156900,103418,-314,30.7.2017
 5156900,11152,135,30.7.2017
 5156900,10478,-150,30.7.2017
 5156900,11181,380,30.7.2017
 5156900,56181,413,30.7.2017
 5156900,10593,-1800,29.8.2017
 5156900,10692,593,30.5.2017
5156900,10957,3181,29.6.2017,20.7.2017,3181,21
 5156900,11224,3565,29.8.2017
 5156900,11225,3423,29.8.2017
5156900,10908,1766,29.6.2017,20.7.2017,1766,21
5156900,10945,439,29.6.2017,20.7.2017,439,21
 5156900,11052,236,30.7.2017
 5156900,11207,3238,30.7.2017
 5156900,10516,-1500,30.7.2017
 5156900,11277,956,29.8.2017
 5156900,11211,524,30.7.2017
5156900,56024,110,30.5.2017,20.7.2017,110,51
5156900,10738,4550,30.5.2017,20.7.2017,134,51
5156900,10877,56,29.6.2017,20.7.2017,56,21
5156900,10879,505,29.6.2017,20.7.2017,505,21
5156900,11038,780,29.6.2017,20.7.2017,780,21
5156900,56095,541,29.6.2017,20.7.2017,541,21
 5156900,56149,635,30.7.2017
 5156900,10601,-9234,29.8.2017
 5156900,10713,907,30.5.2017
 5156900,56014,603,30.5.2017
 5156900,10739,1211,30.5.2017
 5156900,10925,86,29.6.2017
 5156900,11131,475,30.7.2017
 5156900,56138,77,30.7.2017
 5156900,10907,205,29.6.2017
 5156900,10715,6000,30.5.2017
 5156900,10807,1955,30.5.2017
 5156900,10756,1600,30.5.2017
 5156900,11231,942,29.8.2017
 5156900,56154,814,30.7.2017
5156900,56046,585,30.5.2017,20.7.2017,585,51
 5156900,56167,1471,30.7.2017
5156900,56049,819,29.6.2017,20.7.2017,819,21
 5156900,9561,-4145,29.12.2016
5156900,55949,939,1.5.2017,20.7.2017,939,80
 5156900,103464,-35,29.8.2017
 5156900,11285,6815,29.8.2017
 5156900,103356,-145,29.6.2017
 5156900,11217,3813,30.7.2017
 5156900,10487,-4500,30.7.2017
 5156900,11170,687,30.7.2017
 5156900,103269,-98,29.4.2017
 5156900,11318,8500,29.8.2017
5156900,56119,1049,29.6.2017,20.7.2017,1049,21
 5156900,103473,-209,29.8.2017
 5156900,9900,-4150,1.3.2017
 5156900,11174,237,30.7.2017
 5156900,56157,4537,30.7.2017
 5156900,10553,-1400,29.8.2017
 5156900,11309,1400,29.8.2017
5156900,11067,65,30.7.2017,20.7.2017,65,0
 5156900,11191,450,30.7.2017
 5156900,10635,-9300,29.8.2017
 5156900,11315,9300,29.8.2017
 5156900,11236,22,14.8.2017
 5156900,103452,-177,14.8.2017
 5156900,11240,1211,29.8.2017
 5156900,11106,8737,30.7.2017
 5156900,11186,8077,30.7.2017
 5156900,103438,-491,30.7.2017
 5156900,11294,2277,29.8.2017
 5156900,10965,1348,29.7.2017
 5156900,10860,2747,29.6.2017
 5156900,55832,25672,29.1.2017
5156900,55988,27840,29.4.2017,29.6.2017,27839.98,61
5156900,55940,33914,1.4.2017,29.6.2017,33913.89,89
 5156900,10968,421,29.6.2017
5156900,56042,19198,30.5.2017,29.6.2017,19197.87,30
5156900,10803,538,30.5.2017,29.6.2017,582.88,30
5156900,10886,11770,29.6.2017,29.6.2017,11769.91,0
 5156900,56110,12805,29.6.2017
 5156900,11092,3159,30.7.2017
5156900,10930,1610,29.6.2017,20.7.2017,1607,21
5156900,10931,3750,29.6.2017,20.7.2017,3750,21
5156900,56125,856,29.6.2017,20.7.2017,856,21
 5156900,10695,256,15.5.2017
 5156900,10874,313,14.6.2017
 5156900,11000,700,29.6.2017
 5156900,103384,-59,29.6.2017
 5156900,11003,63,29.6.2017
5156900,10674,1359,30.5.2017,20.7.2017,793,51
5156900,56045,168,30.5.2017,20.7.2017,168,51
5156900,11055,490,30.7.2017,20.7.2017,490,0
5156900,11062,362,30.7.2017,20.7.2017,362,0
5156900,56112,1897,29.6.2017,20.7.2017,1897,21
 5156900,11265,5400,29.8.2017
 5156900,11269,715,29.8.2017
 5156900,56184,433,30.7.2017
 5156900,56115,544,29.6.2017
 5156900,56168,2563,30.7.2017
5156900,56033,14026,30.5.2017,20.7.2017,722,51
5156900,56105,632,29.6.2017,20.7.2017,632,21
 5156900,56156,4575,30.7.2017
 5156900,11149,11348,30.7.2017
 5156900,11188,135,30.7.2017
 5156900,11199,87,30.7.2017
 5156900,56124,2956,29.6.2017
 5156900,9642,130,29.11.2016
5156900,9813,117,30.12.2016,20.7.2017,117,202
5156900,55974,131,29.4.2017,20.7.2017,131,82
5156900,10545,129,29.4.2017,20.7.2017,129,82
5156900,10954,35,29.6.2017,20.7.2017,35,21
5156900,10948,3285,29.6.2017,20.7.2017,1347,21
5156900,10949,176,29.6.2017,20.7.2017,176,21
5156900,56099,59,29.6.2017,20.7.2017,59,21
 5156900,11115,135,30.7.2017
 5156900,56217,150,29.8.2017
 5156900,10682,-131,14.9.2017
 5156900,11382,100,14.9.2017
 5156900,56253,8878,29.8.2017
 5156900,11367,913,14.8.2017
 5156900,11386,1472,14.9.2017
 5156900,11459,295,14.9.2017
 5156900,11470,6021,30.8.2017
 5156900,11482,501,30.8.2017
 5156900,103531,-116,30.8.2017
 5156900,10771,-5000,30.8.2017
 5156900,11333,4580,29.8.2017
 5156900,11334,681,29.8.2017
 5156900,11369,1715,29.8.2017
 5156900,11377,3763,29.9.2017
 5156900,56226,1444,29.8.2017
 5156900,103480,-271,29.8.2017
 5156900,56202,28,29.8.2017
 5156900,11502,2808,29.9.2017
 5156900,56231,4055,29.8.2017
 5156900,11493,848,29.9.2017
 5156900,11494,107,29.9.2017
 5156900,10881,1100,29.6.2017
 5156900,56030,3224,30.5.2017
 5156900,11072,365,30.7.2017
 5156900,56104,5001,29.6.2017
 5156900,56236,1435,29.8.2017
 5156900,103538,-14453,30.10.2017
 5156900,10794,-20000,30.10.2017
 5156900,10796,-17000,30.10.2017
 5156900,11483,9435,29.9.2017
 5156900,11331,6750,29.8.2017
 5156900,56238,220,29.8.2017
